<?xml version="1.0" encoding="UTF-8"?>
<project-private xmlns="http://www.netbeans.org/ns/project-private/1">
    <editor-bookmarks xmlns="http://www.netbeans.org/ns/editor-bookmarks/2" lastBookmarkId="0"/>
    <open-files xmlns="http://www.netbeans.org/ns/projectui-open-files/2">
        <group>
            <file>file:/C:/Users/Selene/Documents/NetBeansProjects/mrauto/web/admin/exitoA.html</file>
            <file>file:/C:/Users/Selene/Documents/NetBeansProjects/mrauto/web/admin/ventas.jsp</file>
            <file>file:/C:/Users/Selene/Documents/NetBeansProjects/mrauto/web/venta/error.html</file>
            <file>file:/C:/Users/Selene/Documents/NetBeansProjects/mrauto/web/includes/cookie.jsp</file>
            <file>file:/C:/Users/Selene/Documents/NetBeansProjects/mrauto/web/ofertas.jsp</file>
            <file>file:/C:/Users/Selene/Documents/NetBeansProjects/mrauto/web/admin/errorA.html</file>
            <file>file:/C:/Users/Selene/Documents/NetBeansProjects/mrauto/web/js/main.js</file>
            <file>file:/C:/Users/Selene/Documents/NetBeansProjects/mrauto/web/js/html5.js</file>
            <file>file:/C:/Users/Selene/Documents/NetBeansProjects/mrauto/web/venta/exito.html</file>
            <file>file:/C:/Users/Selene/Documents/NetBeansProjects/mrauto/web/admin/index.jsp</file>
            <file>file:/C:/Users/Selene/Documents/NetBeansProjects/mrauto/web/admin/FormUsuario.jsp</file>
            <file>file:/C:/Users/Selene/Documents/NetBeansProjects/mrauto/web/venta/ordencrear.jsp</file>
            <file>file:/C:/Users/Selene/Documents/NetBeansProjects/mrauto/web/admin/usuario.jsp</file>
            <file>file:/C:/Users/Selene/Documents/NetBeansProjects/mrauto/web/admin/autos.jsp</file>
            <file>file:/C:/Users/Selene/Documents/NetBeansProjects/mrauto/web/admin/nuevoautoform.jsp</file>
            <file>file:/C:/Users/Selene/Documents/NetBeansProjects/mrauto/web/cliente/nuevocliente.jsp</file>
            <file>file:/C:/Users/Selene/Documents/NetBeansProjects/mrauto/web/WEB-INF/web.xml</file>
            <file>file:/C:/Users/Selene/Documents/NetBeansProjects/mrauto/web/locations.jsp</file>
            <file>file:/C:/Users/Selene/Documents/NetBeansProjects/mrauto/web/css/general.css</file>
            <file>file:/C:/Users/Selene/Documents/NetBeansProjects/mrauto/web/includes/header.jsp</file>
            <file>file:/C:/Users/Selene/Documents/NetBeansProjects/mrauto/web/admin/FormAuto.jsp</file>
            <file>file:/C:/Users/Selene/Documents/NetBeansProjects/mrauto/web/index.jsp</file>
            <file>file:/C:/Users/Selene/Documents/NetBeansProjects/mrauto/web/META-INF/context.xml</file>
            <file>file:/C:/Users/Selene/Documents/NetBeansProjects/mrauto/web/venta/eliminarauto.jsp</file>
            <file>file:/C:/Users/Selene/Documents/NetBeansProjects/mrauto/web/sesion.jsp</file>
            <file>file:/C:/Users/Selene/Documents/NetBeansProjects/mrauto/web/venta/vender.jsp</file>
            <file>file:/C:/Users/Selene/Documents/NetBeansProjects/mrauto/web/admin/modificarauto.jsp</file>
            <file>file:/C:/Users/Selene/Documents/NetBeansProjects/mrauto/web/admin/nuevoauto.jsp</file>
            <file>file:/C:/Users/Selene/Documents/NetBeansProjects/mrauto/web/admin/checklogin.jsp</file>
            <file>file:/C:/Users/Selene/Documents/NetBeansProjects/mrauto/web/includes/head.jsp</file>
            <file>file:/C:/Users/Selene/Documents/NetBeansProjects/mrauto/web/js/jquery.easing.1.3.js</file>
            <file>file:/C:/Users/Selene/Documents/NetBeansProjects/mrauto/web/admin/exitoC.html</file>
            <file>file:/C:/Users/Selene/Documents/NetBeansProjects/mrauto/web/admin/errorC.html</file>
            <file>file:/C:/Users/Selene/Documents/NetBeansProjects/mrauto/web/venta/agregarauto.jsp</file>
            <file>file:/C:/Users/Selene/Documents/NetBeansProjects/mrauto/web/admin/eliminarauto.jsp</file>
            <file>file:/C:/Users/Selene/Documents/NetBeansProjects/mrauto/web/js/jquery-1.7.min.js</file>
            <file>file:/C:/Users/Selene/Documents/NetBeansProjects/mrauto/web/admin/usuariomodificar.jsp</file>
            <file>file:/C:/Users/Selene/Documents/NetBeansProjects/mrauto/web/admin/modificarcliente.jsp</file>
            <file>file:/C:/Users/Selene/Documents/NetBeansProjects/mrauto/web/carrito.jsp</file>
            <file>file:/C:/Users/Selene/Documents/NetBeansProjects/mrauto/web/about.jsp</file>
            <file>file:/C:/Users/Selene/Documents/NetBeansProjects/mrauto/web/includes/foot.jsp</file>
            <file>file:/C:/Users/Selene/Documents/NetBeansProjects/mrauto/web/autos.jsp</file>
            <file>file:/C:/Users/Selene/Documents/NetBeansProjects/mrauto/web/js/tms-0.4.1.js</file>
            <file>file:/C:/Users/Selene/Documents/NetBeansProjects/mrauto/web/login/checklogin.jsp</file>
        </group>
    </open-files>
</project-private>
